{
    "汉堡": [
        10.0,
        53.55
    ],
    "新加坡": [
        103.819836,
        1.352083
    ],
    "科隆": [
        -79.9,
        9.37
    ],
    "哥本哈根": [
        12.6,
        54.7
    ],
    "达累斯萨拉姆": [
        39.3,
        -6.85
    ],
    "里约热内卢": [
        -22.90833333,
        23.483987641965268
    ],
    "马赛": [
        5.416666667,
        43.3
    ],
    "檀香山": [
        -158.167,
        21.367
    ],
    "利马": [
        -77.03, 
        -12.05
    ],
    "亚丁": [
        44.95,
        12.0783
    ],
    "鹿特丹": [
        4.2867,
        51.8850
    ],
    "亚历山大": [
        29.916666667,
        31.2265878850415
    ],
    "巴士拉": [
        47.95,
        30.067
    ],
    "开普敦": [
        18.4333,
        -33.9333
    ],
    "横滨": [
        139.6333,
        35.45
    ],
    "瓦尔帕莱素": [
        -71.6333,
        -33.0333
    ],
    "伦敦": [
        0.68333,
        51.4333
    ],
    "蒙巴萨": [
        30.6667,
        -4.0667
    ],
    "卡萨布兰卡": [
        -7.61667,
        33.6
    ],
    "达喀尔": [
        -17.427778,
        14.680556
    ],
    "布谊诺斯艾利斯": [
        -58.5,
        -34.3333
    ],
    "惠灵顿": [
        -174.76667,
        -41.68333
    ],
    "旧金山": [
        -122.416667,
        37.8
    ],
    "温哥华": [
        -123.183333,
        49.2333
    ],
    "珀斯": [
        144.36667,
        -38.116667
    ],
    "斯德哥尔摩":[
        18.05,
        59.316667
    ],
    "香港":[
        114.186125,
        22.293586
    ],
    "悉尼":[
        151.2,
        -33.91667
    ],
    "安特卫普":[
        4.38333,
        51.23333
    ],
    "上海港":[
        121.48, 
        31.22
    ],
    "广州港":[
        113.23,
        23.16
    ],
    "热那亚":[
        8.916667,
        44.4
    ],
    "康斯坦察":[
        28.63333,
        44.1667
    ]
}
